ad_type,city,cname,day,deliver,ftype,invite,maxsal,minsal,name,refresh,type,url,uuid
f,广州,东方国信,5,False,1,False,200,115,实习工程师岗位（JAVA开发/数据开发/数据分析挖掘方向),08-15,intern,https://sxsimg.xiaoyuanzhao.com/22/7B/22B423F3ACCB56C620622B3396FFD07B.jpg,inn_ajuh2mednnzp
f,上海,平安科技,4,False,1,False,300,200,数据挖掘工程师,08-15,intern,https://sxsimg.xiaoyuanzhao.com/99/B7/9934093BA0C3A665415E2CDAAAC7D5B7.jpeg,inn_akhmqmhearhh
f,北京,滴滴出行,5,False,1,False,200,150,数据分析实习生,08-15,intern,https://sxsimg.xiaoyuanzhao.com/3C/D1/3C0BD69C2DC0C5222A061635FDC55BD1.jpg,inn_cayy9xwcyi8r
f,大连,腾讯无线大连研发中心,5,False,0,False,150,100,算法实习生,08-15,intern,https://sxsimg.xiaoyuanzhao.com/82/3D/82C3DA937235431C6137523C0385633D.png,inn_dvdkujbqjldj
f,上海,上海数策,4,False,1,False,150,140,文本建模助理,08-15,intern,https://sxsimg.xiaoyuanzhao.com/89/99/8956851288C7368F8662E01C6AD02F99.jpg,inn_ghppsuc83q85
f,杭州,网易游戏,4,False,1,False,200,150,技术综合实习生（数据开发方向）,08-15,intern,https://sxsimg.xiaoyuanzhao.com/B0/E4/B00FD20AE1431CF1143AA76CC5AD4CE4.jpg,inn_tvwfd0ri7dfk
f,长春,百分点科技,4,False,1,False,200,150,数据建模师,08-15,intern,https://sxsimg.xiaoyuanzhao.com/D1/BE/D1EEC8358B802CD480D1433E6B5DF3BE.jpg,inn_nklw3bvhtaug
f,上海,GET,3,False,1,False,200,150,NLP/数据挖掘实习生,08-15,intern,https://sxsimg.xiaoyuanzhao.com/FA/E3/FAA8BF8968768EAA6E929AA221ADE2E3.png,inn_gfuwudpswcf5
f,北京,摩比神奇,4,False,1,False,200,150,风控数据实习生,08-15,intern,https://sxsimg.xiaoyuanzhao.com/FA/CE/FAF0889843AB96D6E57BC9AB13E55DCE.jpg,inn_abkl341k6bf0
f,杭州,网易游戏,4,False,1,False,200,150,数据挖掘实习生,08-15,intern,https://sxsimg.xiaoyuanzhao.com/B0/E4/B00FD20AE1431CF1143AA76CC5AD4CE4.jpg,inn_og7d6slpbbv0
f,重庆,完美世界,4,False,1,False,150,100,数据工程师,08-15,intern,https://sxsimg.xiaoyuanzhao.com/21/BE/2175CC5D253851303BE2122A74A46ABE.jpg,inn_sr9wybabosof
f,珠海,网钰科技,4,False,1,False,120,100,网钰管培生 -大数据挖掘 （技术部）,08-15,intern,https://sxsimg.xiaoyuanzhao.com/C5/01/C53610F2A6B69A3A6855EE3F231F9701.png,inn_xe4snqe5wvgf
f,北京,中国公益研究院,3,False,1,False,100,80,数据挖掘岗实习生,08-15,intern,https://sxsimg.xiaoyuanzhao.com/company_logo/2015-24/UMEJV79HlL4GXWC.jpg,inn_cui0kv0yvazu
f,上海,众安保险,3,False,1,False,200,150,大数据数据分析实习生,08-15,intern,https://sxsimg.xiaoyuanzhao.com/5C/74/5C081F7F567375259C530407908F0374.png,inn_lfddl5vzpouy
f,广州,火烈鸟网络,4,False,1,False,180,110,数据挖掘工程师实习生,08-15,intern,https://sxsimg.xiaoyuanzhao.com/65/26/6573D4AD145EF9590DD65C3B4EA6C426.png,inn_zwpqtnjgezc3
f,上海,GET,3,False,1,False,150,100,数据标注实习生,08-15,intern,https://sxsimg.xiaoyuanzhao.com/FA/E3/FAA8BF8968768EAA6E929AA221ADE2E3.png,inn_6a0l7inx3zyl
f,北京,作业帮,5,False,1,False,400,200,数据挖掘/机器学习算法工程师J10692,08-15,intern,https://sxsimg.xiaoyuanzhao.com/E5/85/E58244132DAD06C9B21180DDE2E4C585.jpg,inn_ejbyoyifqc3j
f,北京,京东金融,4,False,1,False,250,200,数据挖掘实习生（大数据方向）,08-15,intern,https://sxsimg.xiaoyuanzhao.com/AB/A7/AB41FF4085D2541CA0BB1F4E2DE24BA7.jpg,inn_iil37dtz78at
f,上海,长江众创,3,False,1,False,200,150,数据分析师,08-15,intern,https://sxsimg.xiaoyuanzhao.com/46/29/4620514FBC1ED3975DE632C50402D829.png,inn_0zghvkbpqmqz
f,北京,滴滴出行,4,False,1,False,400,300,数据分析实习生,08-15,intern,https://sxsimg.xiaoyuanzhao.com/F4/64/F400E7D0B6EFB6A136C12791E8406764.jpg,inn_qld8vzywz0co
f,广州,东方国信,5,False,1,False,200,115,实习工程师岗位（JAVA开发/数据开发/数据分析挖掘方向),08-15,intern,https://sxsimg.xiaoyuanzhao.com/22/7B/22B423F3ACCB56C620622B3396FFD07B.jpg,inn_ajuh2mednnzp
f,上海,平安科技,4,False,1,False,300,200,数据挖掘工程师,08-15,intern,https://sxsimg.xiaoyuanzhao.com/99/B7/9934093BA0C3A665415E2CDAAAC7D5B7.jpeg,inn_akhmqmhearhh
f,北京,滴滴出行,5,False,1,False,200,150,数据分析实习生,08-15,intern,https://sxsimg.xiaoyuanzhao.com/3C/D1/3C0BD69C2DC0C5222A061635FDC55BD1.jpg,inn_cayy9xwcyi8r
f,大连,腾讯无线大连研发中心,5,False,0,False,150,100,算法实习生,08-15,intern,https://sxsimg.xiaoyuanzhao.com/82/3D/82C3DA937235431C6137523C0385633D.png,inn_dvdkujbqjldj
f,上海,上海数策,4,False,1,False,150,140,文本建模助理,08-15,intern,https://sxsimg.xiaoyuanzhao.com/89/99/8956851288C7368F8662E01C6AD02F99.jpg,inn_ghppsuc83q85
f,杭州,网易游戏,4,False,1,False,200,150,技术综合实习生（数据开发方向）,08-15,intern,https://sxsimg.xiaoyuanzhao.com/B0/E4/B00FD20AE1431CF1143AA76CC5AD4CE4.jpg,inn_tvwfd0ri7dfk
f,长春,百分点科技,4,False,1,False,200,150,数据建模师,08-15,intern,https://sxsimg.xiaoyuanzhao.com/D1/BE/D1EEC8358B802CD480D1433E6B5DF3BE.jpg,inn_nklw3bvhtaug
f,上海,GET,3,False,1,False,200,150,NLP/数据挖掘实习生,08-15,intern,https://sxsimg.xiaoyuanzhao.com/FA/E3/FAA8BF8968768EAA6E929AA221ADE2E3.png,inn_gfuwudpswcf5
f,北京,摩比神奇,4,False,1,False,200,150,风控数据实习生,08-15,intern,https://sxsimg.xiaoyuanzhao.com/FA/CE/FAF0889843AB96D6E57BC9AB13E55DCE.jpg,inn_abkl341k6bf0
f,杭州,网易游戏,4,False,1,False,200,150,数据挖掘实习生,08-15,intern,https://sxsimg.xiaoyuanzhao.com/B0/E4/B00FD20AE1431CF1143AA76CC5AD4CE4.jpg,inn_og7d6slpbbv0
f,重庆,完美世界,4,False,1,False,150,100,数据工程师,08-15,intern,https://sxsimg.xiaoyuanzhao.com/21/BE/2175CC5D253851303BE2122A74A46ABE.jpg,inn_sr9wybabosof
f,珠海,网钰科技,4,False,1,False,120,100,网钰管培生 -大数据挖掘 （技术部）,08-15,intern,https://sxsimg.xiaoyuanzhao.com/C5/01/C53610F2A6B69A3A6855EE3F231F9701.png,inn_xe4snqe5wvgf
f,北京,中国公益研究院,3,False,1,False,100,80,数据挖掘岗实习生,08-15,intern,https://sxsimg.xiaoyuanzhao.com/company_logo/2015-24/UMEJV79HlL4GXWC.jpg,inn_cui0kv0yvazu
f,上海,众安保险,3,False,1,False,200,150,大数据数据分析实习生,08-15,intern,https://sxsimg.xiaoyuanzhao.com/5C/74/5C081F7F567375259C530407908F0374.png,inn_lfddl5vzpouy
f,广州,火烈鸟网络,4,False,1,False,180,110,数据挖掘工程师实习生,08-15,intern,https://sxsimg.xiaoyuanzhao.com/65/26/6573D4AD145EF9590DD65C3B4EA6C426.png,inn_zwpqtnjgezc3
f,上海,GET,3,False,1,False,150,100,数据标注实习生,08-15,intern,https://sxsimg.xiaoyuanzhao.com/FA/E3/FAA8BF8968768EAA6E929AA221ADE2E3.png,inn_6a0l7inx3zyl
f,北京,作业帮,5,False,1,False,400,200,数据挖掘/机器学习算法工程师J10692,08-15,intern,https://sxsimg.xiaoyuanzhao.com/E5/85/E58244132DAD06C9B21180DDE2E4C585.jpg,inn_ejbyoyifqc3j
f,北京,京东金融,4,False,1,False,250,200,数据挖掘实习生（大数据方向）,08-15,intern,https://sxsimg.xiaoyuanzhao.com/AB/A7/AB41FF4085D2541CA0BB1F4E2DE24BA7.jpg,inn_iil37dtz78at
f,上海,长江众创,3,False,1,False,200,150,数据分析师,08-15,intern,https://sxsimg.xiaoyuanzhao.com/46/29/4620514FBC1ED3975DE632C50402D829.png,inn_0zghvkbpqmqz
f,北京,滴滴出行,4,False,1,False,400,300,数据分析实习生,08-15,intern,https://sxsimg.xiaoyuanzhao.com/F4/64/F400E7D0B6EFB6A136C12791E8406764.jpg,inn_qld8vzywz0co
f,上海,萨摩耶金服,4,False,1,False,200,150,数据挖掘实习生,08-15,intern,https://sxsimg.xiaoyuanzhao.com/96/DB/968094657C5296E6A60EC93490EAE9DB.png,inn_c5rix0ngb9t5
f,北京,滴滴出行,4,False,1,False,300,250,大数据开发工程师,08-15,intern,https://sxsimg.xiaoyuanzhao.com/F4/64/F400E7D0B6EFB6A136C12791E8406764.jpg,inn_haxnboaztl83
f,厦门,趣店集团,5,False,1,False,400,300,数据分析师（校招）,08-15,intern,https://sxsimg.xiaoyuanzhao.com/03/2D/032D2F3E40ED2FAE5F2C51419E25022D.png,inn_mzseuuxa6i77
f,上海,联蔚信息,3,False,1,False,150,100,数据分析实习生,08-15,intern,https://sxsimg.xiaoyuanzhao.com/41/D1/4147D642507EBAA65006D935551C3AD1.jpg,inn_4znqeu0q51tl
f,北京,因诺资产,4,False,1,False,250,200,量化数据实习生,08-15,intern,https://sxsimg.xiaoyuanzhao.com/14/B3/149A16ADF81CD046B39128B84328E2B3.png,inn_fpxd0sv5qlex
f,郑州,佳易互动,5,False,1,False,150,100,VR开发工程师助理实习生,08-15,intern,https://sxsimg.xiaoyuanzhao.com/20/2D/20345D87CCE3B6588B218176B24BB22D.png,inn_hyzlcgsy6rtu
f,大连,窝创网络,5,False,1,False,150,100,数据收集,08-15,intern,https://sxsimg.xiaoyuanzhao.com/99/C9/99FF014B69E1944B5B16AA2227B01CC9.jpg,inn_voshdldnuttf
f,杭州,盈盈理财,5,False,1,False,200,150,大数据平台工程师实习生(MJ000310),08-15,intern,https://sxsimg.xiaoyuanzhao.com/E2/E8/E2AB5F9C889FCDCFAB36B7FD8A3977E8.png,inn_yb7mxlzl6hgp
f,杭州,盈盈理财,5,False,1,False,0,0,数据分析实习生(MJ000314),08-15,intern,https://sxsimg.xiaoyuanzhao.com/E2/E8/E2AB5F9C889FCDCFAB36B7FD8A3977E8.png,inn_7aovbnlklmbr
f,北京,知源智生,4,False,1,False,200,150,大数据支持工程师,08-15,intern,https://sxsimg.xiaoyuanzhao.com/D7/4F/D733A5F5791F07A47FA492784CAD014F.png,inn_l6fhron5ghjc
f,北京,博彦科技,5,False,1,False,200,150,地图数据标注,08-15,intern,https://sxsimg.xiaoyuanzhao.com/7F/6C/7FE70418F6724CEC091FDD4F7799B76C.jpg,inn_tskoa2wx6yjc
f,上海,携程,4,False,1,False,0,0,NLP算法工程师,08-15,intern,https://sxsimg.xiaoyuanzhao.com/A6/13/A63BE1FBCB85B363C400B669A5CF6C13.jpg,inn_vzs7a30tk7cq
f,上海,同业云,3,False,0,False,150,100,语料标注实习生,08-15,intern,https://sxsimg.xiaoyuanzhao.com/A4/FA/A436BE608E0077FA6A03D0712543C3FA.png,inn_nkxflbdxovlm
f,南京,感易智能,4,False,1,False,300,250,数据挖掘算法实习生-南京,08-15,intern,https://sxsimg.xiaoyuanzhao.com/AB/5A/AB8CB8E1D00B8E2154D2A81582E3C45A.png,inn_fpp6ztulfjaf
f,北京,感易智能,4,False,1,False,400,200,NLP数据标注实习生,08-15,intern,https://sxsimg.xiaoyuanzhao.com/AB/5A/AB8CB8E1D00B8E2154D2A81582E3C45A.png,inn_gw2q17gq93eo
f,北京,感易智能,4,False,1,False,400,250,数据挖掘算法实习生,08-15,intern,https://sxsimg.xiaoyuanzhao.com/AB/5A/AB8CB8E1D00B8E2154D2A81582E3C45A.png,inn_o8imzoxkzeps
f,北京,神州医疗,4,False,1,False,150,100,数据分析实习生（信号处理方向）,08-15,intern,https://sxsimg.xiaoyuanzhao.com/C1/DC/C1D8919C911D3923F8C2CA03611C36DC.jpg,inn_e1kbvvoby2bh
f,南京,浦和数据,4,False,1,False,200,150,数据分析工程师,08-15,intern,https://sxsimg.xiaoyuanzhao.com/86/E8/86DBEE672F10C03551926FAEE0294AE8.png,inn_p5jow7ox4ybz
f,上海,麦穗人工智能,5,False,1,False,400,280,机器学习开发实习,08-14,intern,https://sxsimg.xiaoyuanzhao.com/A5/80/A5FB767DBCE5B2A959C407F2406CB780.png,inn_4cuinbwdiqro
f,宁波,萌牙,5,False,1,False,200,150,电商部数据分析,08-14,intern,https://sxsimg.xiaoyuanzhao.com/00/7A/0090D5AC76FF6ECF0D1A029944E4C87A.png,inn_zsgkrbrvt1j7
f,宁波,萌牙,5,False,1,False,200,150,数据分析管培生,08-14,intern,https://sxsimg.xiaoyuanzhao.com/00/7A/0090D5AC76FF6ECF0D1A029944E4C87A.png,inn_xb8ptw6fsxa1
f,北京,最右,5,False,1,False,200,150,机器学习/数据挖掘/自然语言处理工程师实习生,08-14,intern,https://sxsimg.xiaoyuanzhao.com/C1/9F/C13AE8C872F286AE8CD974E23D225F9F.png,inn_xzcxbxxg8twu
f,北京,博慧医数,5,False,1,False,194,100,数据分析师,08-14,intern,https://sxsimg.xiaoyuanzhao.com/8A/4D/8A895F3FDD2064538A889F79F286364D.jpg,inn_bi26d8n2qzer
f,北京,九坤投资,4,False,1,False,300,250,数据开发实习生,08-14,intern,https://sxsimg.xiaoyuanzhao.com/2D/B0/2DD6360A90680C24A415B1CD03C87AB0.jpg,inn_1prgxlxep6h3
f,北京,慧安金科,5,False,1,False,400,200,大数据实习生,08-14,intern,https://sxsimg.xiaoyuanzhao.com/55/76/5599D787ED9BD014ED8FD8919E627F76.png,inn_znescgnpthh6
f,北京,微创软件,5,False,1,False,150,100,数据审核,08-14,intern,https://sxsimg.xiaoyuanzhao.com/D5/49/D56876C02279590C99D2190C8AA7ED49.jpg,inn_gbqxelutkdsg
f,北京,百度,5,False,1,False,200,150,机器学习/数据挖掘/自然语言处理算法实习生,08-14,intern,https://sxsimg.xiaoyuanzhao.com/0A/80/0A4DB3F4159F586B0E419CCFE6A34D80.png,inn_d9zfyyictunh
f,北京,蓦然认知/小蓦机器人,4,False,1,False,350,300,数据挖掘实习生,08-14,intern,https://sxsimg.xiaoyuanzhao.com/BF/99/BF714F87C7B1AB7FB393C07A1360D899.png,inn_xjhiqw97x41v
f,成都,清华四川能源互联网研究院,3,False,1,False,150,100,数据挖掘实习生（能源传感研究所）,08-14,intern,https://sxsimg.xiaoyuanzhao.com/E7/F7/E7F356E4041A136D288E70D7DA4BECF7.jpg,inn_yxigrtjxivzm
f,上海,斑马,3,False,1,False,250,200,语音开发实习生,08-14,intern,https://sxsimg.xiaoyuanzhao.com/B0/2A/B05E07EBE3F519764B30C84B452CAB2A.png,inn_osjd3wc5rfpd
f,杭州,网易游戏,4,False,1,False,200,150,数据产品（游戏开发）实习生-杭州,08-14,intern,https://sxsimg.xiaoyuanzhao.com/company_logo/2015-22/mWSIgB9Di2Ofe6A.jpg,inn_ev8szjvfsasg
f,杭州,同花顺,5,False,1,False,150,100,数据分析师,08-14,intern,https://sxsimg.xiaoyuanzhao.com/A3/50/A33B2E30E174F721C18420764DF11D50.png,inn_vdkfqe1trxas
f,武汉,良品铺子,5,False,1,False,150,100,数据实习生,08-14,intern,https://sxsimg.xiaoyuanzhao.com/A4/23/A49FF53C0E26DDCD3A12220A31987A23.png,inn_sk387pqqwdkt
f,"上海,杭州,郑州,石家庄,成都",诺基亚华诺,5,False,1,False,200,150,通信数据挖掘/分析工程师,08-14,intern,https://sxsimg.xiaoyuanzhao.com/D1/89/D1786A80B66C924DC692A95FE25DBA89.png,inn_cjgxkdexgtwt
f,深圳,腾讯,5,False,1,False,201,200,数据挖掘机器学习算法工程师（20届）,08-14,intern,https://sxsimg.xiaoyuanzhao.com/77/56/774790A6E764F9F3E1D1816966490F56.png,inn_btgg1xncafqz
f,深圳,腾讯,5,False,1,False,201,200,数据挖掘机器学习算法工程师（19届）,08-14,intern,https://sxsimg.xiaoyuanzhao.com/77/56/774790A6E764F9F3E1D1816966490F56.png,inn_ybmp6yecb0ar
f,杭州,滴滴出行,5,False,1,False,200,150,HM 杭州 运营实习生（数据分析方向）,08-14,intern,https://sxsimg.xiaoyuanzhao.com/3E/AF/3E4255D3B3EA03C6AD8781596746E0AF.jpg,inn_ilqsudpjeqjs
f,杭州,Eigen,5,False,1,False,300,200,算法实习生,08-14,intern,https://sxsimg.xiaoyuanzhao.com/4B/A8/4BFE3EA584B85AE250A61226FDBBF9A8.png,inn_aj5cwnuv7wak
f,广州,点动信息,5,False,1,False,200,150,内部质量室管理(移),08-14,intern,https://sxsimg.xiaoyuanzhao.com/0A/D5/0AC0F0ABA2DDA2500A1ABE1CB8222DD5.jpg,inn_jw9v2v1brhyv
f,广州,点动信息,5,False,1,False,200,150,数据处理及工具开发（移）,08-14,intern,https://sxsimg.xiaoyuanzhao.com/0A/D5/0AC0F0ABA2DDA2500A1ABE1CB8222DD5.jpg,inn_eii3kzpq2cr7
f,上海,安永,4,False,1,False,300,150,爬虫工程师实习生,08-14,intern,https://sxsimg.xiaoyuanzhao.com/94/85/94BBAEE244C40F09A13F05A7D2A31F85.jpg,inn_pmgqy3cvrrwp
f,北京,美兰德,4,False,1,False,150,100,数据挖掘实习生,08-14,intern,https://sxsimg.xiaoyuanzhao.com/BF/9E/BF979F917B37FCB7D8F624CE007D459E.png,inn_4rhcdj2xhxwh
f,北京,申请方,3,False,1,False,120,100,数据建模实习生,08-14,intern,https://sxsimg.xiaoyuanzhao.com/company_logo/2015-43/eRmTOiQFMlf7HUN.jpg,inn_ici8escmai2m
f,上海,资证魔方,3,False,1,False,151,150,资产证券化量化业务实习生,08-14,intern,https://sxsimg.xiaoyuanzhao.com/1D/E9/1DB4709F97BB68658A7DB9E3ABF94DE9.png,inn_uflu9e9eey8f
f,上海,资证魔方,3,False,1,False,151,150,资产证券化量化业务实习生,08-14,intern,https://sxsimg.xiaoyuanzhao.com/1D/E9/1DB4709F97BB68658A7DB9E3ABF94DE9.png,inn_mrx76tz4uym4
f,上海,复星集团,4,False,1,False,150,100,数据采集梳理实习生,08-14,intern,https://sxsimg.xiaoyuanzhao.com/30/74/305DEA279158C071459CEF324E133B74.jpg,inn_zydc79dyl6ss
f,长沙,Sandalwood Advisors,5,False,1,False,200,150,爬虫工程师,08-14,intern,https://sxsimg.xiaoyuanzhao.com/04/2F/04E08D158423F8A964EB485C77365F2F.png,inn_nt56ic1xicdq
f,北京,中科院软件所,4,False,1,False,200,120,安全工程师,08-13,intern,https://sxsimg.xiaoyuanzhao.com/F2/D6/F2DCE183DB4D010C49348C45077FD9D6.png,inn_4amfwd1dkfza
f,北京,云粒智慧科技,5,False,1,False,2,1,算法研发-数据挖掘,08-13,intern,https://sxsimg.xiaoyuanzhao.com/3D/DF/3D376BF1F4FF58D78FF2C47AF345D7DF.png,inn_mcqubj38syik
f,北京,知道创宇,5,False,1,False,100,93,渗透测试实习生,08-13,intern,https://sxsimg.xiaoyuanzhao.com/11/DB/118EB5C442ACB289F6258B4A62C3BCDB.png,inn_yd3fdnqnfrkv
f,北京,罗辑思维 得到,5,False,1,False,300,200,数据挖掘实习生,08-13,intern,https://sxsimg.xiaoyuanzhao.com/40/C0/40472E5B9D1C886634BAAC92913E8DC0.png,inn_sj3cez8plun7
f,北京,纵情向前,5,False,1,False,200,150,数据分析实习生,08-13,intern,https://sxsimg.xiaoyuanzhao.com/B5/E8/B5C5D83A99A2A1C139CD2E1CEB0780E8.png,inn_n7zwluxcpxju
f,北京,百度,4,False,0,False,200,150,大数据研发实习生,08-13,intern,https://sxsimg.xiaoyuanzhao.com/D6/AA/D6B364EB408649F1DA7A5C6BBFE47DAA.jpg,inn_jqb5uarsonw3
f,北京,电通安吉斯集团,3,False,1,False,150,100,Search Intern,08-13,intern,https://sxsimg.xiaoyuanzhao.com/C9/F4/C9A7BD49C10153F5F0235201AEAF25F4.png,inn_apro8lsw3dam
f,北京,洋葱数学,3,False,1,False,300,150,数据挖掘实习生,08-13,intern,https://sxsimg.xiaoyuanzhao.com/43/2F/43F1B3624EA1672AF80B72029634C32F.jpg,inn_xmdpuc2vwrdm
f,北京,第四范式,5,False,1,False,400,200,数据挖掘,08-13,intern,https://sxsimg.xiaoyuanzhao.com/5E/21/5E05DB0EE3760E16C9B0FC8277AA4221.png,inn_gglouvbvtqpp
f,北京,第四范式,5,False,1,False,400,399,机器学习建模实习生,08-13,intern,https://sxsimg.xiaoyuanzhao.com/5E/21/5E05DB0EE3760E16C9B0FC8277AA4221.png,inn_cxspyze0gedo
f,北京,博彦科技,5,False,1,False,150,100,地图数据标记,08-13,intern,https://sxsimg.xiaoyuanzhao.com/2D/9B/2D0345D8F72A236C61E98C63865ABF9B.jpg,inn_donqbw05phbo
f,北京,博彦科技,5,False,1,False,200,150,文本标注专员,08-13,intern,https://sxsimg.xiaoyuanzhao.com/2D/9B/2D0345D8F72A236C61E98C63865ABF9B.jpg,inn_fcmpc5txngny
f,北京,网易有道,4,False,1,False,250,200,数据挖掘实习生,08-13,intern,https://sxsimg.xiaoyuanzhao.com/3D/31/3DFFD4ED4083B7B51971DC8210DEAD31.png,inn_ezjwvz2njkdn
f,北京,小糖互联,4,False,1,False,250,200,数据挖掘/推荐算法实习生,08-13,intern,https://sxsimg.xiaoyuanzhao.com/E0/41/E00ADD1F2702CD5E3718D9F90A626641.png,inn_fd9ufmzvv5wx
f,广州,精点数据,4,False,1,False,200,100,大数据分析/挖掘实习生,08-13,intern,https://sxsimg.xiaoyuanzhao.com/22/B2/22CC264BEAF2CE98C4882C22D9492DB2.png,inn_1monbejdh4hj
f,北京,小鱼在家,3,False,1,False,200,150,人工智能-语音识别实习生,08-13,intern,https://sxsimg.xiaoyuanzhao.com/1F/C0/1F58394200D85FE518D22B3C8D0E8BC0.png,inn_fn7u4dk3dpdn
f,上海,旻投电力,5,False,1,False,50,1,数据建模工程师,08-13,intern,https://sxsimg.xiaoyuanzhao.com/F9/CD/F9AC2D49D871B0E43572681D9DF83FCD.png,inn_ta8pbvqegwbf
f,北京,FCB,4,False,1,False,150,100,数据分析实习生,08-13,intern,https://sxsimg.xiaoyuanzhao.com/AC/64/ACC5862AFCBE3DA63404F76164071464.jpg,inn_u8rpl2dfxwda
f,北京,滴滴,4,False,1,False,261,259,数据挖掘实习生,08-13,intern,https://sxsimg.xiaoyuanzhao.com/CF/03/CF68C6D9B996C165F8281689193D7303.jpg,inn_gd33hajjwhwp
f,北京,奇虎360,4,False,0,False,200,150,地图POI数据挖掘实习生,08-13,intern,https://sxsimg.xiaoyuanzhao.com/26/1C/26E852051943C98DEBB48439BDE2091C.jpg,inn_g5ifzzfz1unq
f,"北京,武汉",尚德机构,5,False,1,False,300,150,机器学习/数据挖掘研发工程师,08-13,intern,https://sxsimg.xiaoyuanzhao.com/BE/1C/BE84CC5CCF3AC65F1890F102E51D261C.png,inn_r8hycsaehlkq
f,上海,惟容广告,5,False,1,False,150,100,数据挖掘实习生,08-13,intern,https://sxsimg.xiaoyuanzhao.com/B8/EF/B8B27FD4EFC07E049DB8F29226FEC0EF.png,inn_gr36dfyrjciv
f,深圳,顺丰科技,3,False,1,False,250,200,数据标注实习生（顺丰科技AI部门）,08-13,intern,https://sxsimg.xiaoyuanzhao.com/73/3C/73F8582B87688BA51E3FED0DD6F7D03C.jpg,inn_k48z9sel5m0l
f,广州,科腾信息,3,False,1,False,150,100,数据分析员与项目助理,08-13,intern,https://sxsimg.xiaoyuanzhao.com/0E/4B/0EA111F37FB1B000FB4C4A867DFD004B.jpg,inn_wmsnoqt7lo9o
f,宁波,萌牙,5,False,1,False,180,120,数据分析实习生,08-13,intern,https://sxsimg.xiaoyuanzhao.com/00/7A/0090D5AC76FF6ECF0D1A029944E4C87A.png,inn_q2gsifs0uxqy
f,北京,Zenjoy,5,False,1,False,300,250,数据挖掘工程实习生,08-13,intern,https://sxsimg.xiaoyuanzhao.com/05/55/05794256C1ED2C1F174C4D1A54579555.jpg,inn_kjpfah83kugk
f,北京,复杂国重实验室,4,False,1,False,150,120,数据解析与深度学习实习生/访问学生,08-13,intern,https://sxsimg.xiaoyuanzhao.com/78/42/789BAD784008D0CC9D3BCE68C03C2542.png,inn_zexlicaksnt0
f,武汉,交复医学,5,False,1,False,200,150,数据分析实习生,08-13,intern,https://sxsimg.xiaoyuanzhao.com/5D/93/5D64B06D26CA08307FAB0319CAAD0D93.png,inn_kqx9kwzavlh3
f,北京,人人贷,3,False,1,False,150,100,数据开发实习生,08-13,intern,https://sxsimg.xiaoyuanzhao.com/A7/67/A7C0D5DA3E3E3D220C2B75E502CD6E67.png,inn_sfqp6mejf801
f,广州,留海科技,4,False,1,False,120,100,数据分析实习生,08-13,intern,https://sxsimg.xiaoyuanzhao.com/D0/9E/D0848DCCCEFF273F1C09D531630F8F9E.png,inn_udnbqiuyvahh
f,北京,百融金服,5,False,1,False,200,150,数据分析师实习生,08-13,intern,https://sxsimg.xiaoyuanzhao.com/D6/13/D61E2DA7967E89AE41A5B85229665413.png,inn_3sssizadnici
f,济南,亚信科技,5,False,1,False,150,100,大数据分析挖掘工程师,08-13,intern,https://sxsimg.xiaoyuanzhao.com/BA/3B/BAD25D660674E015E42C177A110C2A3B.png,inn_jawuax4rjhzo
f,天津,妙计旅行,5,False,1,False,150,100,数据挖掘实习生（天津）,08-13,intern,https://sxsimg.xiaoyuanzhao.com/company_logo/2015-26/Y2ZU0Va1bB6TAN8.png,inn_rgplgyikgcho
f,南京,流量海,5,False,0,False,200,150,数据分析,08-13,intern,https://sxsimg.xiaoyuanzhao.com/9B/03/9BEFE3DD1CFC7E67A78CA81BB11D2403.png,inn_5hhcfctoajlu
f,上海,信用飞&首付游,4,False,1,False,200,150,数据分析实习生,08-12,intern,https://sxsimg.xiaoyuanzhao.com/65/77/653C1FF50051BF8DEDDC7596F0954377.jpg,inn_ecbvwrjs0zkq
f,深圳,超级码力,5,False,1,False,200,150,数据挖掘工程师,08-12,intern,https://sxsimg.xiaoyuanzhao.com/34/08/34D08031DC2B83005F4FD739E4029A08.jpg,inn_neet0u3q5pr6
f,杭州,阶形网络,4,False,1,False,250,200,数据分析实习生,08-11,intern,https://sxsimg.xiaoyuanzhao.com/34/FE/34B41FA0032DC63807004E84D11882FE.png,inn_tkjuaativkt3
f,杭州,阶形网络,4,False,1,False,210,200,数据运营实习生,08-11,intern,https://sxsimg.xiaoyuanzhao.com/34/FE/34B41FA0032DC63807004E84D11882FE.png,inn_sxdvwmh0qodl
f,宁波,萌牙,5,False,1,False,200,150,数据分析,08-11,intern,https://sxsimg.xiaoyuanzhao.com/00/7A/0090D5AC76FF6ECF0D1A029944E4C87A.png,inn_vjsztc0u3dnv
f,上海,数行科技,3,False,1,False,200,150,数据分析师,08-11,intern,https://sxsimg.xiaoyuanzhao.com/B3/58/B3841D4E7297B5EBE16FA3ECB1B37C58.jpg,inn_ytnzf00ujbvm
f,北京,智擎工业大数据,5,False,1,False,400,200,算法实习生,08-10,intern,https://sxsimg.xiaoyuanzhao.com/33/01/330A17B9E1B437770D9069E27F9F3101.png,inn_hxwyfsbijbg8
f,合肥,乐职网,5,False,1,False,200,100,数据分析师,08-10,intern,https://sxsimg.xiaoyuanzhao.com/EA/D8/EAE78B61C09E654823DE14C693249FD8.jpg,inn_vd7jtpae03j3
f,合肥,乐职网,5,False,1,False,200,150,数据挖掘/NLP工程师实习生,08-10,intern,https://sxsimg.xiaoyuanzhao.com/EA/D8/EAE78B61C09E654823DE14C693249FD8.jpg,inn_75tz3sbuhktq
f,广州,小黑屋,5,False,1,False,120,100,数据分析师,08-10,intern,https://sxsimg.xiaoyuanzhao.com/82/37/824A68079900345CCA60DCB5C43D6137.jpg,inn_4u76l5yrq2yo
f,北京,滴滴出行,4,False,1,False,250,200,NLP算法工程师,08-10,intern,https://sxsimg.xiaoyuanzhao.com/CF/03/CF68C6D9B996C165F8281689193D7303.jpg,inn_ojfj4wffj9yy
f,北京,搜狗,5,False,1,False,200,150,算法/数据分析/数据挖掘实习生,08-10,intern,https://sxsimg.xiaoyuanzhao.com/A0/70/A003A27F68874AF7D13FA263318CFB70.jpg,inn_sbhdauguq2yg
f,北京,易鑫集团,5,False,1,False,200,150,数据挖掘工程师（实习生）,08-10,intern,https://sxsimg.xiaoyuanzhao.com/68/36/6839CB0DCDAA34E65FDDAEC50BD0A236.png,inn_nhl9xyta1dbl
f,北京,滴滴出行,5,False,1,False,200,150,数据实习生（司机增长）,08-10,intern,https://sxsimg.xiaoyuanzhao.com/3E/AF/3E4255D3B3EA03C6AD8781596746E0AF.jpg,inn_lfpxfgvis0am
f,深圳,势必可赢Speakin,5,False,1,False,200,150,数据标注专员,08-10,intern,https://sxsimg.xiaoyuanzhao.com/A7/6E/A783EE5FAE1CFBB75AAAFEB57CA3686E.jpg,inn_vcyuqr17yi3b
f,北京,百度,4,False,1,False,200,150,实习算法工程师,08-10,intern,https://sxsimg.xiaoyuanzhao.com/D6/AA/D6B364EB408649F1DA7A5C6BBFE47DAA.jpg,inn_ie6nczqipuw6
f,北京,北京链家,3,False,1,False,200,150,数据分析,08-10,intern,https://sxsimg.xiaoyuanzhao.com/8C/D4/8C0002C17113774048AD35A51ABA8FD4.jpg,inn_sdk7nmyklfta
f,北京,学霸君,4,False,1,False,2,1,数据挖掘实习生,08-10,intern,https://sxsimg.xiaoyuanzhao.com/49/32/49EE374BF93385AE2C24AA11EACCFE32.png,inn_ho1qxopwdqn8
f,杭州,网易游戏,4,False,1,False,200,100,爬虫工程师实习生,08-10,intern,https://sxsimg.xiaoyuanzhao.com/company_logo/2015-22/mWSIgB9Di2Ofe6A.jpg,inn_dc6tjin1ptnj
f,重庆,邂智科技,4,False,1,False,150,100,算法工程师(实习),08-09,intern,https://sxsimg.xiaoyuanzhao.com/90/BA/902ED59D254AA84E2B63932E17C12EBA.png,inn_4dkwn3hpbprh
f,北京,神策数据,5,False,1,False,256,200,推荐系统研发实习生,08-09,intern,https://sxsimg.xiaoyuanzhao.com/CE/E4/CEEFCF9364AE8C0F3D5351CD430BE6E4.jpg,inn_ffigwpn114mm
f,上海,音智达,4,False,1,False,100,50,数据科学家,08-09,intern,https://sxsimg.xiaoyuanzhao.com/company_logo/2015-36/QKN4SiY9M5gBR2l.jpg,inn_lvyqewgqzjot
f,北京,闪银奇异,4,False,1,False,500,300,机器学习工程师,08-09,intern,https://sxsimg.xiaoyuanzhao.com/EA/87/EA5FA6DCE33B798169DB29AD9E648187.png,inn_jwvecb58zhje
f,北京,闪银奇异,5,False,1,False,500,250,数据挖掘工程师,08-09,intern,https://sxsimg.xiaoyuanzhao.com/EA/87/EA5FA6DCE33B798169DB29AD9E648187.png,inn_f4y7kq63rmuz
f,北京,爱奇艺,3,False,0,False,200,150,数据分析实习生,08-09,intern,https://sxsimg.xiaoyuanzhao.com/94/FD/949F2981F15794B98B21BF703A055CFD.jpg,inn_wmyocqkzi8ly
f,北京,海尔智慧家庭北京创新中心,4,False,1,False,150,100,NLP数据实习生,08-09,intern,https://sxsimg.xiaoyuanzhao.com/B2/86/B2CB705F43917FC00D751A4052221F86.jpg,inn_itmpadrfu0pw
f,"广州,福州,厦门,深圳,上海,苏州",鼎捷软件,5,False,1,False,150,100,ERP实施顾问（E优才）,08-09,intern,https://sxsimg.xiaoyuanzhao.com/76/42/7684EAA530573313EB296B9E6D348942.jpg,inn_zdehtxaxvybk
f,广州,鼎捷软件,5,False,1,False,150,100,助理实施顾问,08-09,intern,https://sxsimg.xiaoyuanzhao.com/76/42/7684EAA530573313EB296B9E6D348942.jpg,inn_u4g4ilowkhhm
f,福州,鼎捷软件,5,False,1,False,150,100,实施顾问（PLM）,08-09,intern,https://sxsimg.xiaoyuanzhao.com/76/42/7684EAA530573313EB296B9E6D348942.jpg,inn_jf2wxixfkgbp
f,北京,人人贷,4,False,1,False,200,150,数据分析实习生,08-09,intern,https://sxsimg.xiaoyuanzhao.com/A7/67/A7C0D5DA3E3E3D220C2B75E502CD6E67.png,inn_xxazq0mfk7tx
f,北京,人人公司,5,False,1,False,2,1,人人事业部-TP-数据挖掘工程师,08-09,intern,https://sxsimg.xiaoyuanzhao.com/E1/C2/E1795F017839EC48CAA1847BBAC502C2.jpg,inn_qnaz845xt5oz
f,北京,正邦,5,False,1,False,150,80,sem助理,08-09,intern,https://sxsimg.xiaoyuanzhao.com/CB/95/CB91322BDE57377051DFF4535421A295.png,inn_k8yj8ryokfac
f,杭州,流量海,5,False,1,False,200,150,数据分析,08-09,intern,https://sxsimg.xiaoyuanzhao.com/9B/03/9BEFE3DD1CFC7E67A78CA81BB11D2403.png,inn_wjgufr9pyzbr
f,成都,琦行科技,5,False,1,False,136,68,数据标注员/数据审核员,08-09,intern,https://sxsimg.xiaoyuanzhao.com/A0/4F/A07D4B625B58D0907914F80929E6564F.jpg,inn_2014gux5aqyv
f,北京,滴滴出行,4,False,1,False,260,200,算法工程师,08-08,intern,https://sxsimg.xiaoyuanzhao.com/3C/D1/3C0BD69C2DC0C5222A061635FDC55BD1.jpg,inn_z2spzbny4gpp
f,北京,滴滴出行,4,False,1,False,260,200,数据科学实习生,08-08,intern,https://sxsimg.xiaoyuanzhao.com/3C/D1/3C0BD69C2DC0C5222A061635FDC55BD1.jpg,inn_z5jd9dimpvoq
f,北京,滴滴出行,4,False,1,False,260,200,数据分析实习生(2020届),08-08,intern,https://sxsimg.xiaoyuanzhao.com/CF/03/CF68C6D9B996C165F8281689193D7303.jpg,inn_gvszt5p88ujc
f,深圳,Webot,5,False,1,False,200,150,金融知识工程师实习生,08-08,intern,https://sxsimg.xiaoyuanzhao.com/76/89/766AE65EC60388383B7AD45608A29D89.png,inn_m7zoosxqfisg
f,北京,作业帮,4,False,1,False,300,200,算法/数据挖掘实习生,08-08,intern,https://sxsimg.xiaoyuanzhao.com/E5/85/E58244132DAD06C9B21180DDE2E4C585.jpg,inn_xuruwz0zcm2w
f,北京,爱云动,5,False,1,False,150,120,数据开发实习工程师,08-08,intern,https://sxsimg.xiaoyuanzhao.com/D7/F7/D7C58A3234788B79170657E41F068CF7.jpg,inn_rnmxwquxebsx
f,北京,聚说科技,4,False,1,False,320,160,数据分析师,08-08,intern,https://sxsimg.xiaoyuanzhao.com/C2/7D/C26BA42968C723FBB9F37A64D62BA07D.jpg,inn_wfegybkasdlq
f,广州,Datastory数说故事,5,False,1,False,260,130,爬虫工程师实习生-广州-00143,08-08,intern,https://sxsimg.xiaoyuanzhao.com/4B/DE/4BCA14665F5C0B4AA5DB19456680B3DE.png,inn_qxlfppzxeg8g
f,上海,美团点评网,4,False,1,False,240,200,数据开发实习生（爬虫方向）,08-08,intern,https://sxsimg.xiaoyuanzhao.com/4A/47/4AEE05C815B36A3FE238A701F46DB247.jpg,inn_ufcspj4sdjdt
f,北京,百度,5,False,1,False,250,200,用户数据分析/数据挖掘工程师,08-08,intern,https://sxsimg.xiaoyuanzhao.com/D6/AA/D6B364EB408649F1DA7A5C6BBFE47DAA.jpg,inn_yraiyfpc0qhh
f,北京,瓜子二手车,3,False,1,False,300,250,数据挖掘工程师,08-08,intern,https://sxsimg.xiaoyuanzhao.com/B6/EA/B64997D0C61C515D6AA4359B6175B1EA.jpg,inn_m8qei7dbxha6
f,北京,瓜子二手车,3,False,1,False,300,250,数据挖掘工程师,08-08,intern,https://sxsimg.xiaoyuanzhao.com/B6/EA/B64997D0C61C515D6AA4359B6175B1EA.jpg,inn_gtsghixphfyh
f,重庆,链家,5,False,1,False,150,100,业务BP,08-08,intern,https://sxsimg.xiaoyuanzhao.com/03/55/03A0DE93843290AAC18C529C16137755.png,inn_d2m4i60jayte
f,上海,上海述轲,4,False,1,False,160,150,BI实习生,08-08,intern,https://sxsimg.xiaoyuanzhao.com/9E/2D/9E45E45BAF862F0792840570925EA12D.jpg,inn_mss5v1fe3stf
f,上海,中原银行,5,False,1,False,120,100,数据分析师,08-07,intern,https://sxsimg.xiaoyuanzhao.com/D3/E5/D3681B31F09E89E985E109884F4EE2E5.jpg,inn_b1pwpqiwjcg6
f,北京,快手,5,False,0,False,250,200,数据分析实习生,08-07,intern,https://sxsimg.xiaoyuanzhao.com/04/A8/04E0987794C4E687076E43E49C34B0A8.png,inn_dacwnyyc5ka4
f,上海,华院数据,5,False,1,False,200,150,语义分析博士,08-07,intern,https://sxsimg.xiaoyuanzhao.com/A6/2F/A6E5AC0CBBFF93E3E8A2F078A306422F.jpg,inn_ozzkavawwnr4
f,北京,一点资讯,5,False,0,False,200,150,广告平台与效果优化研发工程师（校招实习）,08-07,intern,https://sxsimg.xiaoyuanzhao.com/76/08/76877090E12FBA01751E128EA63E8708.jpg,inn_vdmfy9enmhad
f,杭州,网易游戏,4,False,0,False,200,150,数据分析实习生,08-07,intern,https://sxsimg.xiaoyuanzhao.com/B0/E4/B00FD20AE1431CF1143AA76CC5AD4CE4.jpg,inn_xp1szx71mfky
f,上海,eBay,5,False,1,False,200,150,数据分析,08-07,intern,https://sxsimg.xiaoyuanzhao.com/CC/A6/CC02C742C0CD9430B7C85470C63530A6.png,inn_kpmrb5a0vg5e
f,北京,资产360,5,False,1,False,150,100,数据分析实习生,08-07,intern,https://sxsimg.xiaoyuanzhao.com/41/75/4129B2E5E2BC082A5ED76D3387B17C75.png,inn_kj9nohoqalez
f,北京,搜狐畅游,5,False,1,False,250,200,数据系统实习生,08-07,intern,https://sxsimg.xiaoyuanzhao.com/58/63/5801C1063347DFD45D39BC91D2AE4563.jpg,inn_mlhvkjxjbpq6
f,北京,中国电信北研院,3,False,1,False,200,150,算法实习生,08-07,intern,https://sxsimg.xiaoyuanzhao.com/24/A0/241E5CD29B1F65C6DC26E3E8EA404DA0.png,inn_cjdltm75lgex
f,成都,软通动力,5,False,1,False,50,40,大数据挖掘,08-06,intern,https://sxsimg.xiaoyuanzhao.com/F0/1C/F08B6DCC87324E04204BF2C860C59A1C.png,inn_rhn86ad9xcnr
f,杭州,中控信息,3,False,1,False,150,100,GIS开发工程师,08-06,intern,https://sxsimg.xiaoyuanzhao.com/47/66/47E4E88B42766B357A031C542E1C3766.png,inn_zhxwgrwvdrua
f,广州,DATALINK,3,False,1,False,100,50,初级数据分析师,08-06,intern,https://sxsimg.xiaoyuanzhao.com/3F/33/3F9AE3ECD58D855A4F60D780C88FBA33.jpg,inn_kituksmm6zvu
f,上海,薇仕网络,3,False,0,False,300,250,2019校招职位-Data analyst,08-06,intern,https://sxsimg.xiaoyuanzhao.com/55/E1/55B90F3C8A3AC2CFE3263517E4395FE1.png,inn_92nkohllcf4c
f,南京,佳泰得,5,False,1,False,150,100,大数据工程师（储备经理）,08-06,intern,https://sxsimg.xiaoyuanzhao.com/BB/2D/BB42507654D5F169C05789FDEF01AA2D.png,inn_sdwf2a0qksds
f,深圳,Webot,4,False,1,False,150,100,数据标注员实习生,08-06,intern,https://sxsimg.xiaoyuanzhao.com/76/89/766AE65EC60388383B7AD45608A29D89.png,inn_ijlsmqam4ybg
f,北京,百度,4,False,1,False,200,150,知识图谱数据研发工程师,08-06,intern,https://sxsimg.xiaoyuanzhao.com/0A/80/0A4DB3F4159F586B0E419CCFE6A34D80.png,inn_edd8y6gkcqcd
f,上海,Leadermall,3,False,1,False,200,150,数据营销实习生,08-05,intern,https://sxsimg.xiaoyuanzhao.com/93/57/935B33993EDDEA2AC03FDD26EE8A5E57.jpg,inn_bgyfpzxntcuc
f,上海,可汗招聘,4,False,1,False,150,100,Digital IT Intern-Invista,08-05,intern,https://sxsimg.xiaoyuanzhao.com/93/67/93D7D9C318185BF65F5AFDDE626E2C67.png,inn_fkxfiq6e11i1
f,北京,德昂公司,5,False,1,False,120,100,统计分析数据挖掘助理,08-04,intern,https://sxsimg.xiaoyuanzhao.com/company_logo/2015-44/f5X98NjZSbRPJEM.jpg,inn_qpazyvnv9mr0
f,杭州,网易,5,False,1,False,150,100,数据挖掘实习生,08-03,intern,https://sxsimg.xiaoyuanzhao.com/81/2C/811D40A22992731C00ADBD166EAFD12C.png,inn_0umrpbbyqbo8
f,北京,好未来,3,False,1,False,150,100,数据分析实习生,08-03,intern,https://sxsimg.xiaoyuanzhao.com/2F/5C/2F4150A636B91A3AC4BA52DC41E1E95C.png,inn_ermpu9bbtrjs
f,全国,乐有家,5,False,1,False,300,250,销售代表,08-03,intern,https://sxsimg.xiaoyuanzhao.com/21/4F/21C2298926D6A3607B676DABB0CD764F.png,inn_zzhajnns8mpj
f,杭州,网易游戏,4,False,1,False,200,100,数据挖掘实习(杭州）,08-03,intern,https://sxsimg.xiaoyuanzhao.com/company_logo/2015-22/mWSIgB9Di2Ofe6A.jpg,inn_toiobnaafgxo
f,北京,字节跳动,5,False,0,False,250,200,数据建模实习生,08-03,intern,https://sxsimg.xiaoyuanzhao.com/69/8D/69D89E01806ACAEE6472C6D5D5C7CC8D.jpg,inn_tac21fpnojs4
f,北京,滴滴出行,4,False,1,False,300,250,滴滴国际化数据科学实习生,08-02,intern,https://sxsimg.xiaoyuanzhao.com/CF/03/CF68C6D9B996C165F8281689193D7303.jpg,inn_tvbs5zlt8n6u
f,北京,人人车,5,False,1,False,200,150,数据挖掘实习生,08-02,intern,https://sxsimg.xiaoyuanzhao.com/5A/BF/5A266301AD7412A4E6B12B1E03971BBF.jpg,inn_get0s3r9csrl
f,广州,天工网,5,False,1,False,150,100,信息审核专员,08-02,intern,https://sxsimg.xiaoyuanzhao.com/company_logo/2015-26/A147YgjfGSVcmi0.jpg,inn_jbiaeunysw8e
f,深圳,LimeBike,4,False,1,False,298,200,数据挖掘实习生,08-02,intern,https://sxsimg.xiaoyuanzhao.com/19/0B/19DCFBB3CD62AACB020B98E59DDABC0B.jpg,inn_korfp4m0uavs
f,北京,百度,5,False,1,False,200,150,推荐技术平台部文本理解实习生（低质反作弊方向）,08-01,intern,https://sxsimg.xiaoyuanzhao.com/D6/AA/D6B364EB408649F1DA7A5C6BBFE47DAA.jpg,inn_zctvwbb9px5b
f,南京,小西科技,5,False,1,False,150,100,数据分析师,08-01,intern,https://sxsimg.xiaoyuanzhao.com/40/C3/4083F90C050A2D7E932FD2ED770BE6C3.png,inn_j5b98bx6egjy
f,深圳,珍爱网,5,False,1,False,500,300,数据挖掘工程师（2019届秋招岗位）,08-01,intern,https://sxsimg.xiaoyuanzhao.com/82/25/82FFEDBAA07D82CCDD0CED8C9AABA425.png,inn_lz8jcockvvve
f,北京,河狸家,4,False,1,False,200,150,数据分析实习生,07-31,intern,https://sxsimg.xiaoyuanzhao.com/93/F9/93182A9CE71A1B87E7FB03E173A50EF9.jpg,inn_lss7t2gq0uwo
f,北京,蚁合信息,5,False,1,False,150,100,数据分析师,07-31,intern,https://sxsimg.xiaoyuanzhao.com/18/0D/18855295C07267FF68C8A36B3B42FD0D.png,inn_ux1vawobh9sa
f,杭州,网易,5,False,1,False,200,150,数据挖掘实习生,07-30,intern,https://sxsimg.xiaoyuanzhao.com/81/2C/811D40A22992731C00ADBD166EAFD12C.png,inn_ikwqpg4dy2wj
f,北京,格灵深瞳,4,False,1,False,250,200,机器学习平台开发实习生,07-30,intern,https://sxsimg.xiaoyuanzhao.com/company_logo/2015-22/QDaBVEi5T4G21PW.png,inn_iwu0no4ojrqt
f,北京,去哪儿网,4,False,1,False,200,150,数据开发实习生,07-30,intern,https://sxsimg.xiaoyuanzhao.com/EB/62/EB9EA26CF573E16B61DE4142DD648562.png,inn_w6kv77io35yy
f,武汉,出门问问,5,False,1,False,150,100,数据标注实习生,07-30,intern,https://sxsimg.xiaoyuanzhao.com/4C/15/4CB98CDA58A82499FAE1F0FC6354A615.png,inn_llitoabdh1au
f,北京,智融集团,5,False,0,False,400,300,实习算法工程师,07-30,intern,https://sxsimg.xiaoyuanzhao.com/DC/C9/DC1728FC2EDEEE6576BC3FDBF472F0C9.jpg,inn_u35fkzd0vn7u
f,北京,Talent X,3,False,1,False,150,120,数据分析实习生,07-27,intern,https://sxsimg.xiaoyuanzhao.com/41/C7/41F6C3CA2985CC0640396E5E17D2D5C7.png,inn_c75ex5udmpco
f,北京,博彦科技,5,False,1,False,150,100,语音标注,07-26,intern,https://sxsimg.xiaoyuanzhao.com/2D/9B/2D0345D8F72A236C61E98C63865ABF9B.jpg,inn_kakcenjd3uwi
f,深圳,亚信科技,5,False,1,False,150,100,数据建模,07-25,intern,https://sxsimg.xiaoyuanzhao.com/BA/3B/BAD25D660674E015E42C177A110C2A3B.png,inn_qcwlaw4kahbj
f,北京,奇虎360,4,False,1,False,200,150,19秋招-大数据开发,07-25,intern,https://sxsimg.xiaoyuanzhao.com/81/A4/817CC2E74038599A4D0888FF1400C2A4.jpg,inn_z59kkuyqdcij
f,北京,网易,4,False,1,False,200,160,数据挖掘实习生,07-25,intern,https://sxsimg.xiaoyuanzhao.com/81/2C/811D40A22992731C00ADBD166EAFD12C.png,inn_alndunr1tyl9
f,北京,百度,5,False,1,False,220,200,数据挖掘实习生,07-24,intern,https://sxsimg.xiaoyuanzhao.com/3E/3D/3E1F42C4AC29CDADFB729234AF43E03D.jpg,inn_4bm1rh6qcrh8
f,北京,优贝斯特,4,False,1,False,200,150,区块链数据分析,07-24,intern,https://sxsimg.xiaoyuanzhao.com/B0/81/B0A163ACAF3266CA1371A96FB879EB81.png,inn_p2wwqaelaeic
f,深圳,亚信,4,False,0,False,200,150,数据建模,07-24,intern,https://sxsimg.xiaoyuanzhao.com/BF/A0/BFC35B81764259089B7632BE0047DAA0.jpg,inn_m3ubtnpltlw7
f,北京,超对称,5,False,1,False,300,150,爬虫实习生,07-24,intern,https://sxsimg.xiaoyuanzhao.com/04/62/04A326270F71A1F9ADBD37B8D8E3BD62.png,inn_fplfmfui556l
f,"北京,上海,深圳",平安科技,4,False,1,False,250,200,数据挖掘工程师实习生,07-23,intern,https://sxsimg.xiaoyuanzhao.com/CD/CB/CDE1220DED778746ADB51211C77EB4CB.jpg,inn_wpoafzpstes9
f,杭州,华信设计,5,False,1,False,150,100,大数据挖掘与分析实习生（杭州）,07-21,intern,https://sxsimg.xiaoyuanzhao.com/EE/27/EE436CCA5837D80A68791C791F059827.png,inn_cnyt3e6j8ny9
f,广州,BIGO,5,False,1,False,500,400,2019届校招岗-数据挖掘算法工程师,07-20,intern,https://sxsimg.xiaoyuanzhao.com/78/55/783C4B7933B46E9FB7F92A52E5B32855.png,inn_d4oxwxrrjuyw
f,成都,23魔方,5,False,1,False,200,150,数据运营分析师,07-20,intern,https://sxsimg.xiaoyuanzhao.com/DF/99/DF727168A9D345D758536F11EEEA1499.png,inn_okuwvjzxya7u
f,北京,滴滴,4,False,1,False,250,200,数据分析实习生,07-20,intern,https://sxsimg.xiaoyuanzhao.com/CF/03/CF68C6D9B996C165F8281689193D7303.jpg,inn_omtiq0qnj9ug
f,北京,百融金服,5,False,1,False,200,150,数据分析实习生,07-20,intern,https://sxsimg.xiaoyuanzhao.com/D6/13/D61E2DA7967E89AE41A5B85229665413.png,inn_tb7o5cplwhfw
f,杭州,诺诺网络,4,False,1,False,150,100,数据运营实习生,07-19,intern,https://sxsimg.xiaoyuanzhao.com/FD/68/FD1A6E750743CD33B43BF02406D7A868.png,inn_klehqo6um7nd
f,北京,懂车帝| 今日头条,5,False,1,False,401,399,数据开发实习生,07-19,intern,https://sxsimg.xiaoyuanzhao.com/37/E4/37FCE497CE16F3324BFE41CED48D6EE4.jpg,inn_odqtlyne4ggi
f,杭州,滴滴出行,4,False,0,False,300,250,数据分析岗位实习生,07-18,intern,https://sxsimg.xiaoyuanzhao.com/3C/D1/3C0BD69C2DC0C5222A061635FDC55BD1.jpg,inn_7lhehjbwgbec
f,北京,京东,5,False,0,False,150,100,数据分析,07-18,intern,https://sxsimg.xiaoyuanzhao.com/E7/0F/E78BA92FAAF585886CF8919E42A6820F.png,inn_5apljnt2h2bl
f,北京,秒帧TV,5,False,1,False,2,1,数据挖掘实习生,07-17,intern,https://sxsimg.xiaoyuanzhao.com/0F/B8/0F9D489945C9135C8607620D81B600B8.png,inn_ttdvddo1p0m1
f,北京,Keep,5,False,1,False,300,250,数据实习生,07-17,intern,https://sxsimg.xiaoyuanzhao.com/5B/99/5B9A83E3AB577294C4896B9C03B34499.JPG,inn_o0pmuud75vme
f,北京,字节跳动,4,False,1,False,400,200,数据挖掘算法实习生 - 国际化,07-17,intern,https://sxsimg.xiaoyuanzhao.com/69/8D/69D89E01806ACAEE6472C6D5D5C7CC8D.jpg,inn_zmgypd14lwyd
f,上海,金融壹账通,3,False,0,False,200,150,数据挖掘分析,07-16,intern,https://sxsimg.xiaoyuanzhao.com/5F/32/5F02588635A88C0ABFF009D4BC383F32.jpg,inn_jy7pxslnaebp
f,北京,百度,4,False,1,False,220,200,大数据分析实习生,07-16,intern,https://sxsimg.xiaoyuanzhao.com/3E/3D/3E1F42C4AC29CDADFB729234AF43E03D.jpg,inn_mj4o0pj1lkbt
f,杭州,源诚科技,3,False,1,False,148,100,数据结构化管理储备,07-12,intern,https://sxsimg.xiaoyuanzhao.com/84/E4/84E6DAC88C539EB5FC4EC7E9B7F1CAE4.png,inn_dkwlx7eemytz
f,杭州,源诚科技,3,False,1,False,151,100,数据结构化实习生,07-12,intern,https://sxsimg.xiaoyuanzhao.com/84/E4/84E6DAC88C539EB5FC4EC7E9B7F1CAE4.png,inn_czhljw46opnx
f,上海,融拓科技,3,False,1,False,200,150,数据算法实习生,07-11,intern,https://sxsimg.xiaoyuanzhao.com/BF/4C/BF900F8112ABDBA0645170270E1A884C.png,inn_knkdn6fsxobo
f,上海,平安科技,3,False,1,False,400,300,数据挖掘工程师,07-04,intern,https://sxsimg.xiaoyuanzhao.com/CD/CB/CDE1220DED778746ADB51211C77EB4CB.jpg,inn_icpwx3ewptrq
f,上海,萨摩耶金服,4,False,0,False,200,150,未来实验室实习生,07-03,intern,https://sxsimg.xiaoyuanzhao.com/96/DB/968094657C5296E6A60EC93490EAE9DB.png,inn_exvdepo7wzca
f,南京,孩子王,4,False,1,False,150,100,数据挖掘工程师,07-02,intern,https://sxsimg.xiaoyuanzhao.com/08/7B/0833F7C7DCA440E5E60199913D17F87B.png,inn_g1zl47wl1zrb
f,北京,SenseTime商汤科技,4,False,1,False,400,200,见习大数据挖掘研究员,06-28,intern,https://sxsimg.xiaoyuanzhao.com/BA/98/BA543EB52FB8D3824D277B31928C4398.jpg,inn_vwgoqjxtvh0v
f,北京,百度,4,False,1,False,220,170,数据挖掘实习工程师,06-21,intern,https://sxsimg.xiaoyuanzhao.com/0A/80/0A4DB3F4159F586B0E419CCFE6A34D80.png,inn_zyepnukaulmp
f,北京,富士通研发,3,False,1,False,230,210,数据挖掘/机器学习方向实习研究员,06-21,intern,https://sxsimg.xiaoyuanzhao.com/E2/73/E23CCE12212226798F20091D1B1CB073.jpg,inn_d4butf0mv8cx
f,北京,Inossem,4,False,1,False,200,100,数据分析员,06-21,intern,https://sxsimg.xiaoyuanzhao.com/66/B1/66ABBAF0843AF99B0587271DC8291FB1.png,inn_5b1taiwaend2
f,深圳,北斗院,5,False,1,False,100,99,数据挖掘实习生,06-21,intern,https://sxsimg.xiaoyuanzhao.com/2C/E9/2CBD1D0433DB49CEDEDDAA044BA9B3E9.png,inn_pmjgeec2jxij
f,上海,元扈保险咨询,5,False,1,False,101,100,数据分析专员（实习生）,06-05,intern,https://sxsimg.xiaoyuanzhao.com/B7/D7/B77B45908CD40E50E6B2246E8C990ED7.png,inn_e07joj9tlqim
f,上海,元扈保险咨询,4,False,1,False,101,100,数据分析专员（实习生）,06-05,intern,https://sxsimg.xiaoyuanzhao.com/B7/D7/B77B45908CD40E50E6B2246E8C990ED7.png,inn_3gyrljn52f25
f,上海,元扈保险咨询,5,False,1,False,110,100,数据分析（实习生）,06-05,intern,https://sxsimg.xiaoyuanzhao.com/B7/D7/B77B45908CD40E50E6B2246E8C990ED7.png,inn_tl6nd9y2oybo
f,北京,凤凰新闻客户端,4,False,1,False,150,120,【实习】凤凰网数据挖掘/分析工程师,06-04,intern,https://sxsimg.xiaoyuanzhao.com/EF/11/EF71C2278318BED50216E90718250211.jpg,inn_8hmilboovllf
f,北京,字节跳动,4,False,1,False,400,300,数据研发实习生,06-04,intern,https://sxsimg.xiaoyuanzhao.com/69/8D/69D89E01806ACAEE6472C6D5D5C7CC8D.jpg,inn_9kochtpa72wm
f,北京,作业帮,4,False,1,False,300,200,算法/数据挖掘实习生,06-04,intern,https://sxsimg.xiaoyuanzhao.com/E5/85/E58244132DAD06C9B21180DDE2E4C585.jpg,inn_bpalmr6ezhvn
f,北京,作业帮,3,False,1,False,300,200,数据挖掘/算法实习生,05-29,intern,https://sxsimg.xiaoyuanzhao.com/E5/85/E58244132DAD06C9B21180DDE2E4C585.jpg,inn_cosncbzwsg9d
f,西安,学大教育,2,False,1,False,120,100,数据分析实习生,05-23,intern,https://sxsimg.xiaoyuanzhao.com/FA/E8/FA5C01AD79169D3F2B342FCE035CF9E8.png,inn_ntzzqg3tkiok
f,北京,多盟,4,False,1,False,260,200,广告算法实习生,05-18,intern,https://sxsimg.xiaoyuanzhao.com/4E/AD/4E52C5D234E88F6FDAD57277BF9073AD.png,inn_bh4vbcmxxmpa
f,北京,百度,5,False,1,False,220,170,北京_策略（机器学习/数据挖掘）实习生,05-18,intern,https://sxsimg.xiaoyuanzhao.com/3E/3D/3E1F42C4AC29CDADFB729234AF43E03D.jpg,inn_otlrzg6kz4zq
f,北京,途家网,4,False,1,False,180,150,爬虫工程师,05-15,intern,https://sxsimg.xiaoyuanzhao.com/26/D9/26C01C71908CC0942AF7B34039E9C7D9.jpg,inn_7osopqua8mdi
f,广州,凡科,5,False,1,False,363,272,需求工程师,05-08,intern,https://sxsimg.xiaoyuanzhao.com/55/1B/55CF6183284AC360F172DE487478EC1B.jpg,inn_vwrtt8c0mb5s
f,天津,数能科技,4,False,1,False,100,80,数据处理,04-22,intern,https://sxsimg.xiaoyuanzhao.com/94/FA/94613F47073144AD33EBF07C6D585EFA.png,inn_geqitsr4pqup
f,北京,今日头条,4,False,1,False,320,280,数据仓库与数据分析实习生,04-17,intern,https://sxsimg.xiaoyuanzhao.com/69/8D/69D89E01806ACAEE6472C6D5D5C7CC8D.jpg,inn_nxszdob7kzig
f,上海,汇纳科技,3,False,1,False,120,100,数据分析师实习生,04-16,intern,https://sxsimg.xiaoyuanzhao.com/A0/17/A095962D2D25F5881CC162E4CB82C317.png,inn_pjvcfd6rb8wu
f,北京,大通天成,5,False,1,False,149,100,大数据分析师,04-12,intern,https://sxsimg.xiaoyuanzhao.com/A1/1F/A17ECBDA6FD1A8CA37BFEA720E9B121F.jpg,inn_razdgj2o4aah
f,北京,作业帮,3,False,1,False,300,200,数据挖掘/算法实习生,03-10,intern,https://sxsimg.xiaoyuanzhao.com/E5/85/E58244132DAD06C9B21180DDE2E4C585.jpg,inn_clxzfo1erjaz
f,北京,作业帮,3,False,1,False,300,200,数据挖掘/算法实习生,03-10,intern,https://sxsimg.xiaoyuanzhao.com/E5/85/E58244132DAD06C9B21180DDE2E4C585.jpg,inn_ol0ldg2yupys
f,北京,作业帮,3,False,1,False,300,200,数据挖掘/算法实习生,03-10,intern,https://sxsimg.xiaoyuanzhao.com/E5/85/E58244132DAD06C9B21180DDE2E4C585.jpg,inn_erd3pbcc5usx
f,北京,作业帮,3,False,1,False,300,200,数据挖掘/算法实习生,03-06,intern,https://sxsimg.xiaoyuanzhao.com/D5/22/D5597487DD52585D711B87006801A922.png,inn_rz3rohior2yf
f,北京,天眼查,4,False,1,False,400,200,算法实习生（数据挖掘方向）,03-02,intern,https://sxsimg.xiaoyuanzhao.com/41/5C/411F42E3F0A7E9B66F4F95AFA81F455C.png,inn_4gzhqnqcwebx
f,"北京,上海",链家网,3,False,1,False,400,200,机器学习/数据挖掘工程师【实习岗】,03-01,intern,https://sxsimg.xiaoyuanzhao.com/4B/44/4B198EAACCA3631BD4423271A648FF44.png,inn_bktkqf8y1o6b
f,北京,作业帮,4,False,1,False,300,200,算法/数据挖掘实习生,02-27,intern,https://sxsimg.xiaoyuanzhao.com/E5/85/E58244132DAD06C9B21180DDE2E4C585.jpg,inn_uxoebgtxgmg6
f,北京,作业帮,4,False,1,False,300,200,算法/数据挖掘实习生,01-31,intern,https://sxsimg.xiaoyuanzhao.com/E5/85/E58244132DAD06C9B21180DDE2E4C585.jpg,inn_parhpjlsytt7
